TargetName,cleaned_TargetName
3D Systems Corp,3d systems
AB SCIEX,ab sciex
ACT Gene SA,act gene sa
ADAC Laboratories,adac laboratories
AECI Ltd,aeci
AEG Elektrofotografie GmbH,aeg elektrofotografie
AFx Inc,afx
ALIGN Pharmaceuticals LLC,align pharmaceuticals
ALZA Corp,alza
AMAG Pharmaceuticals Inc,amag pharmaceuticals
AMICAS Inc,amicas
AMRESCO Inc,amresco
ANC LLC,anc
APEIRON Biologics AG,apeiron biologics ag
APEX Intl Clinical Research Co,apex intl clinical research
ARIAD Gene Therapeutics Inc,ariad gene therapeutics
ATMI Inc,atmi
AbVitro Inc,abvitro
Abaxis Inc,abaxis
AbbVie Inc,abbvie
Abgenix Inc,abgenix
Ability Biomedical Corp,ability biomedical
Abiomed LP,abiomed
Abraxis BioScience Inc,abraxis bioscience
AcSentient Inc,acsentient
Accel Instruments GmbH,accel instruments
Acceleron Pharma Inc,acceleron pharma
AccuRay Corp,accuray
Accuray Inc,accuray
Ace Animals Inc,ace animals
Aceto Corp,aceto
Acetylon Pharmaceuticals Inc,acetylon pharmaceuticals
Aciex Therapeutics Inc,aciex therapeutics
Acorda Therapeutics Inc,acorda therapeutics
AcroMetrix Corp,acrometrix
Actavis PLC,actavis
Acuson Corp,acuson
Addrenex Pharmaceuticals Inc,addrenex pharmaceuticals
Adenosine Therapeutics LLC,adenosine therapeutics
Adexa Inc,adexa
AdvanDx Inc,advandx
Advanced Bionics Corp,advanced bionics
Advanced Biotherapy Inc,advanced biotherapy
Advanced Care Scripts Inc,advanced care scripts
Advanced Cell Diagnostics Inc,advanced cell diagnostics
Advanced Liquid Logic Inc,advanced liquid logic
Advanced Medical Procedures,advanced medical procedures
Advanced Microscopy Group,advanced microscopy group
Advanced Stent Technologies,advanced stent technologies
Advanced Technology Inc,advanced technology
Advanced Tissue Sciences Inc,advanced tissue sciences
Advanced Vision Research Inc,advanced vision research
Adynxx Inc,adynxx
Aegis Analytical Corp,aegis analytical
Aequitron Medical Inc,aequitron medical
AeroGen Inc,aerogen
AesRx LLC,aesrx
Aesgen Inc,aesgen
Affinity BioReagents Inc,affinity bioreagents
Affymax NV,affymax nv
Affymetrix Inc,affymetrix
Afmedica Inc,afmedica
Agencourt Bioscience Corp,agencourt bioscience
Agilent Technologies Inc,agilent technologies
Agios Pharmaceuticals Inc,agios pharmaceuticals
Agritope Inc,agritope
Agro Dynamics Corp,agro dynamics
Agro Power Development Inc,agro power development
Ahura Scientific Inc,ahura scientific
Aimago SA,aimago sa
Air Products & Chemicals Inc,air products & chemicals
Aircast Inc,aircast
Airgas Inc,airgas
Akorn Inc,akorn
Alacer Corp,alacer
Alacris Theranostics GmbH,alacris theranostics
Alamo Pharmaceuticals LLC,alamo pharmaceuticals
Alan James Group LLC,alan james group
Alanex Corp,alanex
Albany Molecular Research Inc,albany molecular research
Albemarle Corp,albemarle
Albion Laboratories Inc,albion laboratories
Alcide Corp,alcide
Alcon Inc,alcon
Alexion Pharmaceuticals Inc,alexion pharmaceuticals
Align Technology Inc,align technology
Alkermes Inc,alkermes
Allegro Diagnostics Inc,allegro diagnostics
Allergan Inc,allergan
Allergan PLC,allergan
Allergy Therapeutics plc,allergy therapeutics
Alliant Pharmaceuticals Inc,alliant pharmaceuticals
Allos Therapeutics Inc,allos therapeutics
Alnylam Pharmaceuticals Inc,alnylam pharmaceuticals
AltaGen Biosciences Inc,altagen biosciences
Alvine Pharmaceuticals Inc,alvine pharmaceuticals
Amcell Corp,amcell
American Advanced Organics Inc,american advanced organics
American Cyanamid Co,american cyanamid
American Hospital Supply Corp,american hospital supply
American Medical Systems Inc,american medical systems
American Pacific Corp,american pacific
Amerifit Brands Inc,amerifit brands
AmerisourceBergen Corp,amerisourcebergen
Amgen Inc,amgen
Amicus Therapeutics Inc,amicus therapeutics
Amilabo SAS,amilabo sas
Amneal Pharmaceuticals LLC,amneal pharmaceuticals
AmniSure International LLC,amnisure international
AmpliMed Corp,amplimed
Anacor Pharmaceuticals Inc,anacor pharmaceuticals
Analogic Corp,analogic
Analytical Technology Inc,analytical technology
Andromeda Biotech Ltd,andromeda biotech
Anergen Inc,anergen
Anesta Corp,anesta
AngioDynamics Inc,angiodynamics
AngioScore Inc,angioscore
Angiomedics Inc,angiomedics
Angiosyn Inc,angiosyn
Anika Therapeutics Inc,anika therapeutics
Annovis Inc,annovis
AnorMED Inc,anormed
Anosys Inc,anosys
Anthrogenesis Corp,anthrogenesis
Anti-Cancer Inc,anti-cancer
Antisoma PLC,antisoma
ApaTech Ltd,apatech
Apica Cardiovascular Ltd,apica cardiovascular
Apio Inc,apio
AppliChem GmbH,applichem
Applied Genomics Inc,applied genomics
Applied Immune Sciences Inc,applied immune sciences
Applied Molecular Evolution,applied molecular evolution
Applied Sciences Inc,applied sciences
Applied Spectral Imaging Ltd,applied spectral imaging
Aprogenex Inc,aprogenex
AptarGroup Inc,aptargroup
Arcaris Inc,arcaris
Arch Pharmalabs Ltd,arch pharmalabs
Archemix Corp,archemix
Ardea Biosciences Inc,ardea biosciences
Arena Pharmaceuticals Inc,arena pharmaceuticals
Argonex Inc,argonex
Arius Pharmaceuticals Inc,arius pharmaceuticals
Array Biopharma Inc,array biopharma
Arrow International Inc,arrow international
Arrow Therapeutics Ltd,arrow therapeutics
Arryx Inc,arryx
Artel Inc,artel
Artelis SA,artelis sa
Artema Medical AB,artema medical ab
ArthroCare Corp,arthrocare
ArtusLabs Inc,artuslabs
Ascension Orthopedics Inc,ascension orthopedics
Ascent Healthcare Solutions,ascent healthcare solutions
Ascent Pediatrics Inc,ascent pediatrics
Assay Designs Inc,assay designs
Asterion SAS,asterion sas
Asthmatx Inc,asthmatx
AstraZeneca PLC,astrazeneca
Astro Instrumentation LLC,astro instrumentation
Astro-Med Inc,astro-med
Athersys Inc,athersys
Atritech Inc,atritech
Atrix Laboratories Inc,atrix laboratories
Aubrey Group Inc,aubrey group
Avalon Pharmaceuticals Inc,avalon pharmaceuticals
Avantium Technologies BV,avantium technologies bv
Avantome Inc,avantome
Avecia Biologics Ltd-,avecia biologics
Avecia Inc,avecia
Aventis Pharma Ltd,aventis pharma
Aventis SA,aventis sa
Avid Corp,avid
Avidia Inc,avidia
Avigen Inc,avigen
Avila Therapeutics Inc,avila therapeutics
Aviron,aviron
Aware Inc,aware
Axela Biosensors Inc,axela biosensors
Axio Research Corp,axio research
Axiom Biotechnologies Inc,axiom biotechnologies
Axis AB,axis ab
BARRX Medical Inc,barrx medical
BASF AG,basf ag
BF Goodrich Co,bf goodrich
BGI Inc,bgi
BIOCIUS Life Sciences Inc,biocius life sciences
BIOMOL International LP,biomol international
BMP Sunstone Corp,bmp sunstone
BP PLC,bp
BRAHMS AG,brahms ag
BTG Inc,btg
Balchem Corp,balchem
Baltimore Biotech Inc,baltimore biotech
Barr Pharmaceuticals Inc,barr pharmaceuticals
Bausch & Lomb Inc,bausch & lomb
Baxa Corp,baxa
Bayer AG,bayer ag
Bayer CropScience LP-,bayer cropscience
Bear Instruments Inc,bear instruments
Beatrice Co,beatrice
Beckman Coulter Inc,beckman coulter
Bellco Health,bellco health
Bendix Corp,bendix
Benitec Ltd,benitec
Berchtold Holding AG,berchtold holding ag
Bergen Brunswig Corp,bergen brunswig
Bestfoods,bestfoods
BiPar Sciences Inc,bipar sciences
Bind Therapeutics Inc,bind therapeutics
Bio Med Sciences Inc,bio med sciences
Bio-Dental Technologies Corp,bio-dental technologies
Bio-Lab Inc,bio-lab
Bio-Rad Laboratories Inc,bio-rad laboratories
Bio-Reference Laboratories Inc,bio-reference laboratories
BioArray Solutions Ltd,bioarray solutions
BioAssets Development Corp,bioassets development
BioCardia Inc,biocardia
BioCheck Inc,biocheck
BioChem Pharma Inc,biochem pharma
BioDisplay Technologies Inc,biodisplay technologies
BioEnergy International,bioenergy international
BioFluids Inc,biofluids
BioGrowth Inc,biogrowth
BioLase Technology Inc,biolase technology
BioLumix Inc,biolumix
BioQuiddity Inc,bioquiddity
BioReliance Corp,bioreliance
BioRexis Pharmaceutical Corp,biorexis pharmaceutical
BioStar Inc,biostar
BioStorage Technologies Inc,biostorage technologies
BioSystem Development LLC,biosystem development
Biocraft Laboratories Inc,biocraft laboratories
Biodynamic Technologies Inc,biodynamic technologies
Biofrontera Discovery GmbH,biofrontera discovery
Biogen Idec Inc,biogen idec
Biogen Inc,biogen
Bioline,bioline
Biomateriali Srl,biomateriali srl
Biomerica Inc,biomerica
Biomet Inc,biomet
Bionx Implants Inc,bionx implants
Bioprocess Capital Ventures,bioprocess capital ventures
Bioren Inc,bioren
Bioriginal Food & Science Corp,bioriginal food & science
Bioserve Biotechnologies,bioserve biotechnologies
Biospecifics Technologies Corp,biospecifics technologies
Biosphere Medical Inc,biosphere medical
Biosym Technologies Inc,biosym technologies
Biotechna UAB,biotechna uab
Biotechnology Tools Inc,biotechnology tools
Biotie Therapies Oyj,biotie therapies
Biotrove Inc,biotrove
Blackhawk BioSystems Inc,blackhawk biosystems
Blackstone Group LP,blackstone group
Blue Ridge Pharmaceuticals Inc,blue ridge pharmaceuticals
BlueGnome Ltd,bluegnome
Boston Scientific Corp,boston scientific
Brecon Pharmaceuticals Ltd,brecon pharmaceuticals
BresaGen Ltd,bresagen
Bridge Medical Corporation,bridge medical
Bridge Medical Inc,bridge medical
Bristol-Myers Squibb Co,bristol-myers squibb
British Canadian Biosciences,british canadian biosciences
Brooks Automation Inc,brooks automation
Brookwood Pharmaceuticals Inc,brookwood pharmaceuticals
Bruker BioSpin Corp,bruker biospin
Bruker Corp,bruker
Bruker Optics Inc,bruker optics
CABG Medical Inc,cabg medical
CAD Sciences LLC,cad sciences
CBR Systems Inc,cbr systems
CEM Corp,cem
CGI Pharmaceuticals Inc,cgi pharmaceuticals
CIMA Labs Inc,cima labs
CMI,cmi
CNS Inc,cns
CONMED Corp,conmed
COR Therapeutics Inc,cor therapeutics
CORIA Laboratories Ltd,coria laboratories
CP Medical,cp medical
CRS Robotics Corp,crs robotics
CURNA Inc,curna
CV Ingenuity Corp,cv ingenuity
CV Therapeutics Inc,cv therapeutics
Cabrellis Pharmaceuticals Corp,cabrellis pharmaceuticals
Cadbury Schweppes PLC,cadbury schweppes
Caliper Life Sciences Inc,caliper life sciences
Calistoga Pharmaceuticals Inc,calistoga pharmaceuticals
Calixa Therapeutics Inc,calixa therapeutics
Callidus Biopharma Inc,callidus biopharma
Calydon Inc,calydon
Cambridge Drug Discovery Ltd,cambridge drug discovery
Cambridge Heart Inc,cambridge heart
CambridgeSoft Corp,cambridgesoft
Cameron Health Inc,cameron health
Camitro Corp,camitro
Camtronics Medical Systems Ltd,camtronics medical systems
Cangene Corp,cangene
Canji,canji
Cantab Pharmaceuticals PLC,cantab pharmaceuticals
Cardiac Intelligence Corp,cardiac intelligence
Cardiac Pathways Corp,cardiac pathways
Cardica Inc,cardica
CardioGene Therapeutics Inc,cardiogene therapeutics
CardioKinetix Inc,cardiokinetix
CardioMEMS Inc,cardiomems
CardioNet Inc,cardionet
CardioThoracic Systems Inc,cardiothoracic systems
CardioVascular Dynamics Inc,cardiovascular dynamics
Cardiometrics Inc,cardiometrics
Cardiovascular Systems Inc,cardiovascular systems
CareFusion Corp,carefusion
CareScience Inc,carescience
Cartagenia Inc,cartagenia
Catherex Inc,catherex
Catheter Innovations Inc,catheter innovations
Cedarburg Pharmaceuticals Inc,cedarburg pharmaceuticals
Ceiba Solutions Inc,ceiba solutions
Cel Sci Corp,cel sci
Celanese Corp,celanese
Celator Pharmaceuticals Inc,celator pharmaceuticals
Celgene Corp,celgene
Cell Genesys Inc,cell genesys
Cell Marque Corp,cell marque
Cell Pathways Inc,cell pathways
Cellectis SA,cellectis sa
Cellective Therapeutics Inc,cellective therapeutics
Cellzome Inc,cellzome
Cellzome Ltd,cellzome
Celsion Corp,celsion
Cemaf SA,cemaf sa
Center for Molecular Medicine,center for molecular medicine
Central Soya Co Inc,central soya
Centrus International Inc,centrus international
Cephalon Inc,cephalon
Cepheid Inc,cepheid
Ception Therapeutics Inc,ception therapeutics
Ceregene Inc,ceregene
Cerilliant Corp,cerilliant
Cerner Corp,cerner
Cetus Corp,cetus
Chatham Therapeutics LLC,chatham therapeutics
Chattem Inc,chattem
Chem-Tech,chem-tech
ChemSW Inc,chemsw
ChemSource Corp,chemsource
Chemfab Corp,chemfab
Chenomx Inc,chenomx
Chevron Corp,chevron
ChiRex Inc,chirex
Chiron Corp,chiron
Chronimed Inc,chronimed
Church & Dwight Co Inc,church & dwight
Ciba Specialty Chemicals,ciba specialty chemicals
Circadian Inc,circadian
Circon Corp,circon
Civitas Therapeutics Inc,civitas therapeutics
Clariant AG,clariant ag
Clarix LLC,clarix
ClickFind Inc,clickfind
ClinIntel Ltd,clinintel
CliniChem Development Inc,clinichem development
Clinical Force Inc,clinical force
Clinical Neuro Systems Inc,clinical neuro systems
Clinical Partners Inc,clinical partners
Coelacanth Corp,coelacanth
Cogenics Inc,cogenics
Cohesion Technologies Inc,cohesion technologies
Cohesive Technologies Inc,cohesive technologies
Coley Pharmaceutical Group Inc,coley pharmaceutical group
Collateral Therapeutics Inc,collateral therapeutics
Colorado MEDtech Inc,colorado medtech
Columbian Chemicals Co,columbian chemicals
ComGenex Inc,comgenex
Combion,combion
Compex Technologies Inc,compex technologies
Complete Genomics Inc,complete genomics
Computational Biology Corp,computational biology
Computer Motion Inc,computer motion
Comvita Ltd,comvita
ConAgra Inc,conagra
Concentra Inc,concentra
Concentric Medical Inc,concentric medical
Conceptus Inc,conceptus
Conceptus SAS,conceptus sas
Confluent Surgical Inc,confluent surgical
Conforma Therapeutics Corp,conforma therapeutics
Connetics Corp,connetics
Conoco Inc,conoco
Continuing Care Rx Inc,continuing care rx
Corbett Life Science Pty Ltd,corbett life science
Cordis Corp,cordis
Corixa Corp,corixa
Corning Inc,corning
Coromed Inc,coromed
Correlogic Systems Inc,correlogic systems
Corthera Inc,corthera
Corus Pharma Inc,corus pharma
Corvas International Inc,corvas international
Corvita Corp,corvita
Cosmo Technologies Ltd,cosmo technologies
Coulbourn Instruments LLC,coulbourn instruments
Covella Pharmaceuticals Inc,covella pharmaceuticals
Covidien PLC,covidien
Cray Inc,cray
Cray Research Inc,cray research
Creagen,creagen
Crescendo Bioscience Inc,crescendo bioscience
Crescendo Pharmaceuticals Corp,crescendo pharmaceuticals
Criticare Systems Inc,criticare systems
CropDesign NV,cropdesign nv
CryoLife Inc,cryolife
CryoVascular Systems Inc,cryovascular systems
Cubist Pharmaceuticals Inc,cubist pharmaceuticals
Cumberland Pharmaceuticals Inc,cumberland pharmaceuticals
CuraGen Corp,curagen
Curis Inc,curis
Curon Medical Inc,curon medical
Cutera Inc,cutera
CyVera Corp,cyvera
Cyberonics Inc,cyberonics
Cyclis Pharmaceuticals Inc,cyclis pharmaceuticals
Cygnus Imaging Inc,cygnus imaging
Cynosure Inc,cynosure
Cypress Pharmaceutical Inc,cypress pharmaceutical
CytRx Corp,cytrx
Cytion SA,cytion sa
Cytochroma Inc,cytochroma
Cytogen Corp,cytogen
Cytokinetics Inc,cytokinetics
Cytopia Ltd,cytopia
Cytyc Corp,cytyc
DELEX Therapeutics Inc,delex therapeutics
DFINE Inc,dfine
DJ Orthopedics Inc,dj orthopedics
DNA Direct Inc,dna direct
DNA Genotek Inc,dna genotek
DNA Sciences,dna sciences
DRAXIS Health Inc,draxis health
DUSA Pharmaceuticals Inc,dusa pharmaceuticals
DVM Pharmaceuticals Inc,dvm pharmaceuticals
DVS Sciences Inc,dvs sciences
Daig Corporation,daig
Danaher Corp,danaher
Data Critical Corp,data critical
Data Labs Inc,data labs
Datascope Corp,datascope
Daxor Corp,daxor
DeKalb Genetics Corp,dekalb genetics
Del Pharmaceuticals Inc,del pharmaceuticals
DepoTech Corp,depotech
Deprenyl Animal Health Inc,deprenyl animal health
DermEbx,dermebx
Derma Sciences Inc,derma sciences
DermaTech Pty Ltd,dermatech
Dexela Ltd,dexela
Dezima Pharma BV,dezima pharma bv
DiaMed Holding AG,diamed holding ag
Diabetes Support Systems Inc,diabetes support systems
Diacrin Inc,diacrin
Diamond Shamrock Corp,diamond shamrock
Dianon Systems Inc,dianon systems
Digene Corp,digene
Diomed Inc,diomed
Dionex Corp,dionex
Discovery Labware Inc,discovery labware
Discovery Partners,discovery partners
Discus Dental Inc,discus dental
Disease Detection Intl Inc,disease detection intl
Doe & Ingalls Management LLC,doe & ingalls management
Domantis Ltd,domantis
Dominion Biologicals Ltd,dominion biologicals
Dr Reddy's Laboratories Ltd,dr reddy's laboratories
Drew Scientific Group PLC,drew scientific group
Du-Med BV,du-med bv
DxS Ltd,dxs
Dynatronics Corp,dynatronics
ECP Entwicklungsgesellschaft,ecp entwicklungsgesellschaft
ECR Pharmaceuticals,ecr pharmaceuticals
EGEN Inc,egen
ELCOS AG,elcos ag
EMS Inc,ems
ENTrigue Surgical Inc,entrigue surgical
EP Technologies Inc,ep technologies
EPICENTRE Biotechnologies,epicentre biotechnologies
ESE GmbH,ese
EUSA Pharma Inc,eusa pharma
EXFO Inc,exfo
East West Herbs Ltd,east west herbs
Echelon Biosciences Inc,echelon biosciences
EchoCath Inc,echocath
Ecogen Inc,ecogen
Edwards Lifesciences Corp,edwards lifesciences
Edwards Lifesciences Corp-,edwards lifesciences
Electa Lab Srl,electa lab srl
Electromedics Inc,electromedics
Eligix Inc,eligix
Elixir Pharmaceuticals Inc,elixir pharmaceuticals
Ellman International Inc,ellman international
Emageon Inc,emageon
Embolic Protection Inc,embolic protection
Embrella Cardiovascular Inc,embrella cardiovascular
Embrex Inc,embrex
Emergent BioSolutions Inc,emergent biosolutions
Emisphere Technologies Inc,emisphere technologies
Empi Inc,empi
Empire Pharmaceuticals Inc,empire pharmaceuticals
Enchira Biotechnology Corp,enchira biotechnology
Encysive Pharmaceuticals Inc,encysive pharmaceuticals
EndoSonics Corp,endosonics
EndoVascular Technologies Inc,endovascular technologies
Endocardial Solutions Inc,endocardial solutions
Endocare Inc,endocare
Endologix Inc,endologix
Endoscopic Technologies Inc,endoscopic technologies
Endosense SA,endosense sa
Enhance Pharmaceuticals Inc,enhance pharmaceuticals
Enobia Pharma Inc,enobia pharma
Enteric Medical Technologies,enteric medical technologies
EntreMed Inc,entremed
Enzon Pharmaceuticals Inc,enzon pharmaceuticals
EnzyMed Inc,enzymed
Enzytech Inc,enzytech
EpiTherapeutics A/S,epitherapeutics a/s
Epidauros Biotechnologie AG,epidauros biotechnologie ag
Epoch Biosciences Inc,epoch biosciences
EraGen Biosciences Inc,eragen biosciences
Esperion Therapeutics Inc,esperion therapeutics
Espro Inc,espro
Ester Neurosciences Ltd,ester neurosciences
Eureka Genomics Corp,eureka genomics
Euroscreen Products SA,euroscreen products sa
Euticals SpA,euticals spa
Evalve Inc,evalve
Evotec Technologies GmbH,evotec technologies
Exact Sciences Corp,exact sciences
Exactech Inc,exactech
ExcelleRx Inc,excellerx
Excelsior Medical Corp,excelsior medical
Excelsius Surgical LLC,excelsius surgical
Excelsyn Ltd,excelsyn
Exemplar Corp,exemplar
Eximias Pharmaceutical Corp,eximias pharmaceutical
Exiqon A/S,exiqon a/s
Exponent Inc,exponent
EyeSense AG,eyesense ag
FIS Inc,fis
FMC Corp,fmc
FORMA Therapeutics Inc,forma therapeutics
Facet Biotech Corp,facet biotech
FermaVir Pharmaceuticals Inc,fermavir pharmaceuticals
Ferro Corp,ferro
Fidia Advanced Biopolymers Srl,fidia advanced biopolymers srl
Fielding Pharmaceutical Co,fielding pharmaceutical
Filtertek Inc,filtertek
Fineline Molds,fineline molds
Finnzymes Oy,finnzymes oy
First Medical Inc,first medical
Fisons PLC,fisons
Fitzgerald Industries Intl Inc,fitzgerald industries intl
Fluorinov Pharma Inc,fluorinov pharma
FoldRx Pharmaceuticals Inc,foldrx pharmaceuticals
Forest Laboratories Inc,forest laboratories
ForteBio Inc,fortebio
Fovea Pharmaceuticals SA,fovea pharmaceuticals sa
Fuji Pharma Co Ltd,fuji pharma
Fumapharm AG,fumapharm ag
Fusion Medical Technologies,fusion medical technologies
GD Searle & Co,gd searle
GE Medical Systems,ge medical systems
Galapagos NV,galapagos nv
Galen Holdings PLC,galen holdings
Galil Medical Ltd,galil medical
Gambro AB,gambro ab
Gamma Biologicals Inc,gamma biologicals
Gedeon Richter Plc,gedeon richter
Gelco Corp,gelco
Gemini Genomics PLC,gemini genomics
Gen-Probe Inc,gen-probe
GenDerm Corp,genderm
GenPharm International Inc,genpharm international
GenQuest Inc,genquest
Genable Technologies Ltd,genable technologies
Genaissance Pharmaceuticals,genaissance pharmaceuticals
Gendaq Ltd,gendaq
GeneSeek Inc,geneseek
GeneSystems SA,genesystems sa
Genelabs Technologies Inc,genelabs technologies
Genentech Inc,genentech
General Dynamics Corp,general dynamics
General Foods Corp,general foods
General Mills Inc,general mills
Genetic Microsystems Inc,genetic microsystems
Genex,genex
Genex Corp,genex
Genizon BioSciences Inc,genizon biosciences
Genmab A/S,genmab a/s
Gennum Corp,gennum
GenoVision AS,genovision as
Genomas Inc,genomas
Genome Express,genome express
Genome Systems Inc,genome systems
Genomic Solutions Inc,genomic solutions
Genomica Corp,genomica
Genosys Biotechnologies Inc,genosys biotechnologies
Genovo Inc,genovo
Genpact Ltd,genpact
Genset SA,genset sa
Gentium SpA,gentium spa
Gentra Systems Inc,gentra systems
Gentris Corp,gentris
GenturaDx Inc,genturadx
Geospiza Inc,geospiza
Geron Corp,geron
Given Imaging Ltd,given imaging
GlaxoSmithKline PLC,glaxosmithkline
Gliatech Inc,gliatech
Global Med Technologies Inc,global med technologies
GlobeImmune Inc,globeimmune
Gloucester Pharmaceuticals Inc,gloucester pharmaceuticals
GlycoVaxyn AG,glycovaxyn ag
Glyko Biomedical Ltd,glyko biomedical
GnuBIO Inc,gnubio
Graceway Pharmaceuticals Inc,graceway pharmaceuticals
Great Lakes Chemical Corp,great lakes chemical
Guardian Technologies Inc,guardian technologies
Guidant Corp,guidant
Guilford Pharmaceuticals Inc,guilford pharmaceuticals
Gustafson Inc,gustafson
HAPC Inc,hapc
HC Implants BV,hc implants bv
Haemonetics Corp,haemonetics
Halo Genomics AB,halo genomics ab
Haptica Ltd,haptica
Hardardt Group,hardardt group
Harvard Bioscience Inc,harvard bioscience
Harvest Technologies Inc,harvest technologies
Health Advocates Inc,health advocates
Health Net Inc,health net
Healthpoint Ltd,healthpoint
Healthy Directions LLC,healthy directions
Heart Technology Inc,heart technology
Heartware International Inc,heartware international
Helixis Inc,helixis
Hematronix Inc,hematronix
Hemosphere Inc,hemosphere
Hercules Inc,hercules
Hesed Biomed Inc,hesed biomed
Hexagen PLC,hexagen
Hi-Tech Pharmacal Co Inc,hi-tech pharmacal
HiberGen Ltd,hibergen
Hitachi Koki Co Ltd,hitachi koki
Hitachi Ltd,hitachi
Hokuriku Seiyaku Co Ltd,hokuriku seiyaku
Hologic Inc,hologic
Home Medical Supply Inc,home medical supply
Hormel Foods Corp,hormel foods
Hospira Inc,hospira
Houston Biotechnology Inc,houston biotechnology
Human Genome Sciences Inc,human genome sciences
Humana Inc,humana
Huxley Pharmaceuticals Inc,huxley pharmaceuticals
Hycor Biomedical Inc,hycor biomedical
I-Flow Corp,i-flow
IBAH Inc,ibah
IBC Pharmaceuticals LLC,ibc pharmaceuticals
ICAD Inc,icad
ICOS,icos
ICU Medical Inc,icu medical
ICx Technologies Inc,icx technologies
ID Biomedical Corp,id biomedical
IDEC Pharmaceuticals Corp,idec pharmaceuticals
IDM Pharma Inc,idm pharma
IDM SA,idm sa
IDev Technologies Inc,idev technologies
IMMCO Diagnostics Inc,immco diagnostics
IRIDEX Corp,iridex
IRIS International Inc,iris international
IVAX Corp,ivax
Ibex Technologies Inc,ibex technologies
Ibis Biosciences Inc,ibis biosciences
Icagen Inc,icagen
Icoria Inc,icoria
Ideas for Medicine Inc,ideas for medicine
Idetek Inc,idetek
Idun Pharmaceuticals Inc,idun pharmaceuticals
IgG of America Inc,igg of america
Igeneon AG,igeneon ag
Illumigen Biosciences Inc,illumigen biosciences
Illumina Inc,illumina
Ilypsa Inc,ilypsa
Image Guided Technologies Inc,image guided technologies
Imatron Inc,imatron
ImmuCell Corp,immucell
Immucor GmbH,immucor
Immucor Inc,immucor
Immunex Corp,immunex
Immuno Diagnostics Inc,immuno diagnostics
Immuno International AG,immuno international ag
ImmunoGen Inc,immunogen
Impella Cardiosystems AG,impella cardiosystems ag
InKine Pharmaceutical Co,inkine pharmaceutical
InaVein LLC,inavein
Inamed Corp,inamed
Incline Therapeutics Inc,incline therapeutics
Inco Inc,inco
Inco Ltd,inco
Indevus Pharmaceuticals Inc,indevus pharmaceuticals
Indiana Protein Technologies,indiana protein technologies
Ingenuity Systems Inc,ingenuity systems
Innapharma Inc,innapharma
InnoPharma Inc,innopharma
InnoRx Inc,innorx
Innovive Pharmaceuticals Inc,innovive pharmaceuticals
Inspiro Medical Ltd,inspiro medical
Instromedix Inc,instromedix
Instrumentarium Oyj,instrumentarium
Integra LifeSciences Corp,integra lifesciences
Intel Corp,intel
Intelect Medical Inc,intelect medical
Intercell AG,intercell ag
Intergen Co,intergen
International Canine Genetics,international canine genetics
International Market Supply,international market supply
International Processing Corp,international processing
International Technidyne Corp,international technidyne
Interventional Technologies,interventional technologies
IntraImmune Therapies Inc,intraimmune therapies
IntraOptics Inc,intraoptics
IntrinsiQ LLC,intrinsiq
Introgen Therapeutics Inc,introgen therapeutics
Intuitive Surgical Inc,intuitive surgical
InvaCare Corp,invacare
Invivo Corp,invivo
IoGyn Inc,iogyn
IonSpec Corp,ionspec
Ionalytics Corp,ionalytics
Ipsogen SA,ipsogen sa
Irvine Biomedical Inc,irvine biomedical
Isconova AB,isconova ab
Isotec Inc,isotec
Isotis Inc,isotis
Italmex,italmex
J-COM Co Ltd,j-com
JDS Pharmaceuticals LLC,jds pharmaceuticals
JN Macri Technologies LLC,jn macri technologies
JRH Biosciences Inc,jrh biosciences
Jabil Circuit Inc,jabil circuit
Jazz Pharmaceuticals PLC,jazz pharmaceuticals
Jenner Biotherapies Inc,jenner biotherapies
Johnson Products Co Inc,johnson products
Jouveinal SA,jouveinal sa
Juno Therapeutics Inc,juno therapeutics
KAI Pharmaceuticals Inc,kai pharmaceuticals
KD Scientific Inc,kd scientific
Kadant Inc,kadant
Kendro Laboratory Products,kendro laboratory products
Kensey Nash Corp,kensey nash
Kimberly-Clark Corp,kimberly-clark
Kinetikos Medical Inc,kinetikos medical
Kinetix Pharmaceuticals Inc,kinetix pharmaceuticals
King Pharmaceuticals Inc,king pharmaceuticals
Kirin Brewery Co Ltd,kirin brewery
Kirschner Medical Corp,kirschner medical
Knoll Inc,knoll
Knoll Pharmaceuticals Ltd,knoll pharmaceuticals
Knopp Neurosciences Inc,knopp neurosciences
Kolltan Pharmaceuticals Inc,kolltan pharmaceuticals
Kontron Instruments Inc,kontron instruments
KuDOS Pharmaceuticals,kudos pharmaceuticals
Kubota Corp,kubota
Kyto Meridien Diagnostics LLC,kyto meridien diagnostics
LJL Biosystems Inc,ljl biosystems
LXU Healthcare Inc,lxu healthcare
La Jolla Pharmaceutical Co,la jolla pharmaceutical
LaTIS Co,latis
Lab901 Ltd,lab901
Labcoat Ltd,labcoat
Laboratoires Enteris SA,laboratoires enteris sa
Laboratorio Chile SA,laboratorio chile sa
Laboratorios Elmor SA,laboratorios elmor sa
Laboratorios Fustery SA de CV,laboratorios fustery sa de cv
Labotix Automation Inc,labotix automation
Labtronics Inc,labtronics
Lagap Pharmaceuticals Ltd,lagap pharmaceuticals
Lancer Orthodontics Inc,lancer orthodontics
Landec Corp,landec
Large Scale Biology Corp,large scale biology
Lark Technologies Inc,lark technologies
LeMaitre Vascular Inc,lemaitre vascular
Lead Therapeutics Inc,lead therapeutics
Leadtech Corp,leadtech
LecTec Corp,lectec
Leica Microsystems GmbH,leica microsystems
Leidos Holdings Inc,leidos holdings
LeukoSite Inc,leukosite
Life Technologies Corp,life technologies
LifeCell Corp,lifecell
LifeCodes Corp,lifecodes
Lifecor Inc,lifecor
Lifecore Biomedical Inc,lifecore biomedical
Ligand Pharmaceuticals Inc,ligand pharmaceuticals
Lincoln Technologies Inc,lincoln technologies
Link Technologies Inc,link technologies
Lion Bioscience AG,lion bioscience ag
LipoSonix Inc,liposonix
Liquent Inc,liquent
Litmus Concepts Inc,litmus concepts
Living Proof Inc,living proof
Lockheed Martin Corp,lockheed martin
Lomb Scientific Pty Ltd,lomb scientific
Los Feliz Drugs Inc,los feliz drugs
Lumara Health Inc,lumara health
LumiCyte Inc,lumicyte
Lumigen Inc,lumigen
Lumisys Inc,lumisys
Lydall Inc,lydall
Lynx Therapeutics Inc,lynx therapeutics
MAKO Surgical Corp,mako surgical
MAP Medical Technologies Oy,map medical technologies oy
MBS Co Ltd,mbs
MJ GeneWorks Inc,mj geneworks
MTS Medication Technologies,mts medication technologies
MWI Veterinary Supply Inc,mwi veterinary supply
Maaguzi LLC,maaguzi
MacroChem Corp,macrochem
Magellan Biosciences Inc,magellan biosciences
MagnaChip Semiconductor Corp,magnachip semiconductor
Magnex Scientific Ltd,magnex scientific
Mallinckrodt Inc,mallinckrodt
Masimo Corp,masimo
Matria Healthcare Inc,matria healthcare
Matrix Pharmaceutical Inc,matrix pharmaceutical
Matrix Science Corp,matrix science
Matrixx Initiatives Inc,matrixx initiatives
Matsumoto Medical Instruments,matsumoto medical instruments
Maxia Pharmaceuticals Inc,maxia pharmaceuticals
Maxygen Inc,maxygen
Mayne Pharma Ltd,mayne pharma
McCoy Enterprises Inc,mccoy enterprises
McGaw Inc,mcgaw
Meadox Medicals Inc,meadox medicals
MedFusion Inc,medfusion
MedImmune Inc,medimmune
MedNova Ltd,mednova
Medafor Inc,medafor
Medco Health Solutions Inc,medco health solutions
Medegen Inc,medegen
MediGene AG,medigene ag
MediSense Inc,medisense
MediSys Inc,medisys
Median Technologies SA,median technologies sa
Mediatech Inc,mediatech
Medical Device Alliance Inc,medical device alliance
Medical Graphics Corp,medical graphics
Medicis Pharmaceutical Corp,medicis pharmaceutical
Medicor Inc,medicor
Medinol Ltd,medinol
Medivation Inc,medivation
Medjet Inc,medjet
Medley Industria Farmaceutica,medley industria farmaceutica
Membrex Inc,membrex
Mercury Computer Systems Inc,mercury computer systems
Merial Ltd,merial
Meridica Ltd,meridica
Merit Medical Systems Inc,merit medical systems
Merlin Pharmaceutical Corp,merlin pharmaceutical
Merus NV,merus nv
Mesa Laboratories Inc,mesa laboratories
Mesoblast Ltd,mesoblast
Meta Systems,meta systems
Metabolex Inc,metabolex
Metastatin Pharmaceuticals Inc,metastatin pharmaceuticals
MiMedX Group Inc,mimedx group
Micell Technologies Inc,micell technologies
Micro Therapeutics Inc,micro therapeutics
MicroReactor Technologies Inc,microreactor technologies
MicroTouch Systems Inc,microtouch systems
Microgyn Inc,microgyn
Micromedics Inc,micromedics
Microsulis Corp,microsulis
Microsulis Medical Ltd,microsulis medical
Midlothian Laboratories LLC,midlothian laboratories
Milestone Scientific Inc,milestone scientific
Millennium Predictive Medicine,millennium predictive medicine
Mills Biopharmaceuticals Inc,mills biopharmaceuticals
Miltex Inc,miltex
MinTec Inc,mintec
Minntech Corp,minntech
Miragen Inc,miragen
Mitos Technologies Inc,mitos technologies
Mitsui & Co Ltd,mitsui
Molecular Biosystems Inc,molecular biosystems
Molecular Devices Corp,molecular devices
Molecular Dynamics Inc,molecular dynamics
Molecular Imaging Corp,molecular imaging
Molecular Medicine BioServices,molecular medicine bioservices
Molecular Staging Inc,molecular staging
Molypharma SA,molypharma sa
Momenta Pharmaceuticals Inc,momenta pharmaceuticals
Moore Medical Corp,moore medical
Morgan Seeds,morgan seeds
MorphoSys AG,morphosys ag
Motorola Inc,motorola
Mycogen Corp,mycogen
Mykrolis Corp,mykrolis
Myogen Inc,myogen
Myraqa Inc,myraqa
Myriad Genetics Inc,myriad genetics
NEN Life Sciences Inc,nen life sciences
NOMOS Corp,nomos
NPO Petrovax Pharm,npo petrovax pharm
NPS Pharmaceuticals Inc,nps pharmaceuticals
NPS Pharmaceuticals Inc-,nps pharmaceuticals
NTD Laboratories Inc,ntd laboratories
NTP SA,ntp sa
NVIDIA Corp,nvidia
Nanjing MeiRui Pharma Co Ltd,nanjing meirui pharma
NanoEnTek Inc,nanoentek
Nanogen Inc,nanogen
Nanosphere Inc,nanosphere
Nanostim Inc,nanostim
NantWorks LLC,nantworks
Natrol Inc,natrol
Natural Pharmaceuticals Inc,natural pharmaceuticals
Naurex Inc,naurex
Navicyte Inc,navicyte
Navigenics Inc,navigenics
Navius Corp,navius
Needletech Products Inc,needletech products
NemaPharm Inc,nemapharm
NeoGenomics Inc,neogenomics
Neogen Corp,neogen
Neomed Inc,neomed
Neomorphic Inc,neomorphic
Neomorphics Inc,neomorphics
Neose Technologies Inc,neose technologies
Neoteric Technology Ltd,neoteric technology
Nepentes SA,nepentes sa
Neucoll Inc,neucoll
Neurex Corp,neurex
NeuroSearch A/S,neurosearch a/s
NeuroTherm Inc,neurotherm
Neurogen Corp,neurogen
Neurologic Gene Therapeutics,neurologic gene therapeutics
Neuronex Inc,neuronex
Neutrogena Corp,neutrogena
Neutron Technology Corp,neutron technology
New Brunswick Scientific Co,new brunswick scientific
Newmed SAS,newmed sas
NexGen Diagnostics LLC,nexgen diagnostics
Next Breath LLC,next breath
NextBio Inc,nextbio
NextWave Pharmaceuticals Inc,nextwave pharmaceuticals
Nichols Institute,nichols institute
Nicox SA,nicox sa
Nihon Molecular Devices,nihon molecular devices
Nordion Inc,nordion
Nordson Corp,nordson
Norian Corp,norian
North American Scientific Inc,north american scientific
North American Vaccine Inc,north american vaccine
Northrop Grumman Corp,northrop grumman
Northstar Neuroscience Inc,northstar neuroscience
Northwest NeuroLogic Inc,northwest neurologic
Nova Pharmaceutical Corp,nova pharmaceutical
NovaMed Pharmaceuticals Inc,novamed pharmaceuticals
NovaScreen Biosciences Corp,novascreen biosciences
Novacept,novacept
Novagali Pharma SA,novagali pharma sa
Novametrix Medical Systems Inc,novametrix medical systems
Novartis AG,novartis ag
Novavax Inc,novavax
Novel Biomedical Inc,novel biomedical
Noveltech Systems Inc,noveltech systems
Noven Pharmaceuticals Inc,noven pharmaceuticals
Novexel SA,novexel sa
Nucletron BV,nucletron bv
Nycomed Ltd,nycomed
Nycomed Pharma AS,nycomed pharma as
Nypro Inc,nypro
OEM Concepts Inc,oem concepts
Obagi Medical Products Inc,obagi medical products
Oceana Therapeutics Inc,oceana therapeutics
Ocular Sciences Inc,ocular sciences
Odyssey Thera Inc,odyssey thera
Okairos AG,okairos ag
Olympus Corp,olympus
Omega Laboratories Ltd,omega laboratories
Omega Protein Corp,omega protein
OmegaTech Inc,omegatech
Omnicare Inc,omnicare
Omnilab Srl,omnilab srl
Omthera Pharmaceuticals Inc,omthera pharmaceuticals
On-X Life Technologies Inc,on-x life technologies
OncorMed Inc,oncormed
One Lambda Inc,one lambda
Onyx Pharmaceuticals Inc,onyx pharmaceuticals
Open Biosystems Inc,open biosystems
Operon Technologies Inc,operon technologies
OptiMedica Corp,optimedica
Optical Radiation Corp,optical radiation
Optimer Pharmaceuticals Inc,optimer pharmaceuticals
Optive Research Inc,optive research
Optum Inc,optum
Oracle Corp,oracle
Oragen Corp,oragen
Orasure Technologies Inc,orasure technologies
Oratec Interventions Inc,oratec interventions
Orthovita Inc,orthovita
Osborn Laboratories,osborn laboratories
Osiris Therapeutics Inc-,osiris therapeutics
Osteo Sciences Corp,osteo sciences
OsteoBiologics Inc,osteobiologics
Osteotech Inc,osteotech
Ostex International Inc,ostex international
Ostial Solutions LLC,ostial solutions
Oval Medical Technologies Ltd,oval medical technologies
Ovion Inc,ovion
PLIVA dd,pliva dd
PLx Pharma Inc,plx pharma
PROLOR Biotech Inc,prolor biotech
PRP Inc,prp
PTC Therapeutics Inc,ptc therapeutics
Packard BioScience Co,packard bioscience
Pall Corp,pall
Panomics Inc,panomics
Panvera Corp,panvera
ParAllele BioScience Inc,parallele bioscience
Parker Hannifin Corp,parker hannifin
Path Inc,path
PathoGenesis Corp,pathogenesis
Pathwork Diagnostics Inc,pathwork diagnostics
Patient Safety Technologies,patient safety technologies
Pearl Therapeutics Inc,pearl therapeutics
PediatRx Inc,pediatrx
Peoples Genetics Inc,peoples genetics
Peptidream Inc,peptidream
Perceptive Informatics Inc,perceptive informatics
Perclose Inc,perclose
PerkinElmer Inc,perkinelmer
Perlegen Sciences Inc,perlegen sciences
Perrigo Co,perrigo
Perten Instruments AB,perten instruments ab
Pfanstiehl Laboratories Inc,pfanstiehl laboratories
Pfizer Inc,pfizer
Phadia AB,phadia ab
PharMerica Corp,pharmerica
PharMerica Inc,pharmerica
PharmAkea Therapeutics Inc,pharmakea therapeutics
PharmAthene Inc,pharmathene
Pharma Genexx SA,pharma genexx sa
Pharmacia & Upjohn Inc,pharmacia & upjohn
Pharmacia Corp,pharmacia
Pharmaco Pty Ltd,pharmaco
Pharmacopeia Inc,pharmacopeia
Pharmacos Exakta SA de CV,pharmacos exakta sa de cv
Pharmacyclics Inc,pharmacyclics
Pharmatop Ltd,pharmatop
Pharmetrix,pharmetrix
Pharmorphix Ltd,pharmorphix
Phase Forward Inc,phase forward
Phenomenex Inc,phenomenex
Phoenix Bio-Tech Corp,phoenix bio-tech
Physio-Control Inc,physio-control
Physiometrix Inc,physiometrix
Pinpoint Genomics Inc,pinpoint genomics
Pioneer Pharmaceuticals Inc,pioneer pharmaceuticals
Piramal Healthcare Ltd,piramal healthcare
Piramal Healthcare Ltd-,piramal healthcare
Pivot Medical Inc,pivot medical
Plant Genetics Inc,plant genetics
PlasmaSol Corp,plasmasol
Plexus Vaccine Inc,plexus vaccine
Pluromed Inc,pluromed
Plus Orthopedics AG,plus orthopedics ag
Polaroid Corp,polaroid
PolyMedica Corp,polymedica
Polymer Laboratories Ltd,polymer laboratories
Porex Surgical Inc,porex surgical
Positron Corp,positron
Possis Medical Inc,possis medical
PowderMed Ltd,powdermed
Powertech Technology Inc,powertech technology
Praecis Pharmaceuticals Inc,praecis pharmaceuticals
Prairie Technologies Inc,prairie technologies
Praxis Biologics Inc,praxis biologics
Precision Vascular Systems Inc,precision vascular systems
Predix Pharmaceuticals Inc,predix pharmaceuticals
Presidio Pharmaceuticals Inc,presidio pharmaceuticals
Pressure BioSciences Inc,pressure biosciences
Primus Pharmaceuticals Inc,primus pharmaceuticals
Principia Pharmaceutical Corp,principia pharmaceutical
Prion Solutions Inc,prion solutions
Prionics AG,prionics ag
Pro Duct Health Inc,pro duct health
ProCyte Corp,procyte
Progenics Pharmaceuticals Inc,progenics pharmaceuticals
Progenitor Inc,progenitor
Prolifaron Inc,prolifaron
Proligo LLC,proligo
Prolysis Ltd,prolysis
Proprius Pharmaceuticals Inc,proprius pharmaceuticals
Prost-Data Inc,prost-data
Prostagen,prostagen
Protalix Biotherapeutics Inc,protalix biotherapeutics
Protein Sciences Corp,protein sciences
Proteolix Inc,proteolix
Proteome Inc,proteome
Protez Pharmaceuticals Inc,protez pharmaceuticals
Protocol Systems Inc,protocol systems
Provista Diagnostics Inc,provista diagnostics
Proxeon A/S,proxeon a/s
Proxima Therapeutics Inc,proxima therapeutics
Psychemedics Corp,psychemedics
Puritan-Bennett,puritan-bennett
QUMAS Ltd,qumas
Qdotpharma,qdotpharma
Quanam Medical Corp,quanam medical
QuantaLife Inc,quantalife
Questar Corp,questar
Questcor Pharmaceuticals Inc,questcor pharmaceuticals
QuikByte Software Inc,quikbyte software
Quill Medical Inc,quill medical
Quorum Sciences Inc,quorum sciences
R2 Technology Inc,r2 technology
RTP Pharma Inc,rtp pharma
RVM Scientific Inc,rvm scientific
RadioTherapeutics Corp,radiotherapeutics
Radion Inc,radion
Ralston Purina Co,ralston purina
Ranbaxy Laboratories Ltd,ranbaxy laboratories
Rapigene Inc,rapigene
Raven Biological Laboratories,raven biological laboratories
Raylo Chemicals Inc,raylo chemicals
Raymond A Lamb Ltd,raymond a lamb
Reata Pharmaceuticals Inc,reata pharmaceuticals
Receptos Inc,receptos
RedoxTherapies Inc,redoxtherapies
Regulus Therapeutics Inc,regulus therapeutics
ReliaGene Technologies Inc,reliagene technologies
Reliant Pharmaceuticals Inc,reliant pharmaceuticals
Reliant Pharmaceuticals Inc-,reliant pharmaceuticals
Remon Medical Technologies Inc,remon medical technologies
Rentokil Initial PLC,rentokil initial
Replidyne Inc,replidyne
Repligen Corp,repligen
Resource Biometrics Inc,resource biometrics
Respironics Inc,respironics
Response Genetics Inc,response genetics
RetroSense Therapeutics LLC,retrosense therapeutics
Reva Medical Inc,reva medical
Reverse Medical Corp,reverse medical
Revivant Corp,revivant
Rhein Biotech GmbH,rhein biotech
Richardson-Vicks Inc,richardson-vicks
Rinat Neuroscience Corp,rinat neuroscience
Rio Tinto PLC,rio tinto
Rita Medical Systems Inc,rita medical systems
RiverBend Design LLC,riverbend design
Robinson Nugent Inc,robinson nugent
Rockwood Holdings Inc,rockwood holdings
Rockwood Holdings Inc-,rockwood holdings
Rohm & Haas Co,rohm & haas
Rosys AG,rosys ag
Rubicon Medical Corp,rubicon medical
Rules-Based Medicine Inc,rules-based medicine
S-K Corp,s-k
SABiosciences Corp,sabiosciences
SGM Biotech Inc,sgm biotech
SMC Corp,smc
SMTEK International Inc,smtek international
STARLIMS Technologies Ltd,starlims technologies
STMicroelectronics NV,stmicroelectronics nv
STS Biopolymers Inc,sts biopolymers
SUGEN Inc,sugen
SYM-BIO Lifescience Co Ltd,sym-bio lifescience
SYNX Pharma Inc,synx pharma
Sadra Medical Inc,sadra medical
Safer Inc,safer
Sage Products LLC,sage products
Sagres Discovery,sagres discovery
Salix Pharmaceuticals Ltd,salix pharmaceuticals
Salmedix Inc,salmedix
Samsung Petrochemical Co Ltd,samsung petrochemical
Sangtec Molecular Diagnostics,sangtec molecular diagnostics
Sanofi-Aventis SA,sanofi-aventis sa
Santarus Inc,santarus
Sanyo Electric Co Ltd,sanyo electric
Sapheon Inc,sapheon
Satelec Medical,satelec medical
Savient Pharmaceuticals Inc,savient pharmaceuticals
Scherer Healthcare Inc,scherer healthcare
Schering AG,schering ag
Schering-Plough Corp,schering-plough
Schneider Worldwide,schneider worldwide
SciClone Pharmaceuticals Inc,sciclone pharmaceuticals
SciMed Life Systems Inc,scimed life systems
SciTegic Inc,scitegic
Scidera Genomics LLC,scidera genomics
Sciele Pharma Inc,sciele pharma
Scientific Software,scientific software
Scientific Software Inc,scientific software
Scioderm Inc,scioderm
Sciona Ltd,sciona
Scios Inc,scios
Scott Paper Co,scott paper
SeaSpine Inc,seaspine
Seahorse Bioscience Inc,seahorse bioscience
Selexys Pharmaceuticals Corp,selexys pharmaceuticals
SemBioSys Genetics Inc,sembiosys genetics
Sensor Devices Inc,sensor devices
SensorMedics Corp,sensormedics
Sentinelle Medical Inc,sentinelle medical
Serenex Inc,serenex
Serologicals Corp,serologicals
Seurat Co,seurat
Shaklee Corp,shaklee
Shape Pharmaceuticals Inc,shape pharmaceuticals
Shenzhen PG Biotech Co Ltd,shenzhen pg biotech
Shire PLC,shire
Sigma ElectroOptics GmbH,sigma electrooptics
Sigma-Aldrich Corp,sigma-aldrich
Signal Pharmaceuticals Inc,signal pharmaceuticals
Signature Genomic Laboratories,signature genomic laboratories
Silicon Genetics,silicon genetics
Sirius Laboratories Inc,sirius laboratories
Sirna Therapeutics Inc,sirna therapeutics
Sirtris Pharmaceuticals Inc,sirtris pharmaceuticals
Skinetics Biosciences Inc,skinetics biosciences
Small Bone Innovations Inc,small bone innovations
SmartOps Corp,smartops
Smith & Nephew PLC,smith & nephew
Soligenix Inc,soligenix
Soltec Research Pty Ltd,soltec research
Solutia Inc,solutia
Somanetics Corp,somanetics
Somatix Therapy Corp,somatix therapy
Somatogen Inc,somatogen
Somaxon Pharmaceuticals Inc,somaxon pharmaceuticals
SonoSite Inc,sonosite
Sonus Pharmaceuticals Inc,sonus pharmaceuticals
Sony Corp,sony
Southeastern Biologics,southeastern biologics
Southern BioSystems Inc,southern biosystems
SpaceLabs Medical Inc,spacelabs medical
Sparton Corp,sparton
SpectRx Inc,spectrx
Spectra Biomedical,spectra biomedical
Spectra Science Corp,spectra science
Spectral Genomics Inc,spectral genomics
SpectroPharm Inc,spectropharm
Spectrum Pharmaceuticals Inc,spectrum pharmaceuticals
Spinal Concepts Inc,spinal concepts
Spinal Modulation Inc,spinal modulation
Spinal Specialties Inc,spinal specialties
Spine Next SA,spine next sa
Spinifex Pharmaceuticals Inc,spinifex pharmaceuticals
Spiration Inc,spiration
Spotfire Inc,spotfire
Squire Laboratories,squire laboratories
St Jude Medical Inc,st jude medical
Standard Management Corp,standard management
Sterilin Ltd,sterilin
Sterling Drug,sterling drug
Sterling Medivations Inc,sterling medivations
Sterling Synergy Systems,sterling synergy systems
Sterling Winthrop Inc,sterling winthrop
Stiefel Laboratories Inc,stiefel laboratories
Stokes Bio Ltd,stokes bio
Stromedix Inc,stromedix
Stryker Corp,stryker
Sun Health Inc,sun health
Sun Microsystems Inc,sun microsystems
SunPharm Corp,sunpharm
Supelco Inc,supelco
SuppreMol GmbH,suppremol
Supragen Inc,supragen
SurModics Inc,surmodics
SurVivaLink Corp,survivalink
SurgiChem Ltd,surgichem
Surgical Alliance Inc,surgical alliance
Suros Surgical Systems Inc,suros surgical systems
Sushrut Surgicals Pvt Ltd,sushrut surgicals pvt
Sutro Biopharma Inc,sutro biopharma
Symphony Allegro Inc,symphony allegro
Symphony Dynamo Inc,symphony dynamo
Symyx Technologies Inc,symyx technologies
SynPro Corp,synpro
Synageva BioPharma Corp,synageva biopharma
Synapse Technologies Inc,synapse technologies
Synchron Research Pvt Ltd,synchron research pvt
Synergen Inc,synergen
Syneron Medical Ltd,syneron medical
Synovis LIfe technologies Inc,synovis life technologies
Synteni,synteni
Syntex Corp,syntex
Syntonix Pharmaceuticals Inc,syntonix pharmaceuticals
SyrVet Inc,syrvet
Systems Made Simple Inc,systems made simple
THM Biomedical Inc,thm biomedical
TIBCO Software Inc,tibco software
TILL Photonics GmbH,till photonics
TIMM Medical Technologies Inc,timm medical technologies
TKA Wasseraufbereitungssysteme,tka wasseraufbereitungssysteme
TaiGen Biotechnology Co Ltd,taigen biotechnology
Taligen Therapeutics Inc,taligen therapeutics
Talon Therapeutics Inc,talon therapeutics
Tambrands Inc,tambrands
Tanox Inc,tanox
TargeGen Inc,targegen
Target Therapeutics Inc,target therapeutics
Techne Corp,techne
Tecnofarma SA de CV,tecnofarma sa de cv
Telios Pharmaceuticals Inc,telios pharmaceuticals
TerraGen Discovery Inc,terragen discovery
Tetrionics Inc,tetrionics
Texaco Inc,texaco
Theken,theken
TheraSense Inc,therasense
TheraTech Inc,theratech
Theraclone Sciences Inc,theraclone sciences
Theragenics Corp,theragenics
Therapeutic Discovery Corp,therapeutic discovery
Theravance Inc,theravance
Thermax,thermax
Thermo Electron Corp,thermo electron
Thermo Fisher Scientific Inc,thermo fisher scientific
Thermo Instrument Systems Inc,thermo instrument systems
Theseus Imaging Corp,theseus imaging
Third Wave Technologies Inc,third wave technologies
Thomas Medical Products Inc,thomas medical products
Thoratec Corp,thoratec
Tican Pharmaceuticals Ltd,tican pharmaceuticals
Tissue Technologies Inc,tissue technologies
Tm Bioscience Corp,tm bioscience
Tobira Therapeutics Inc,tobira therapeutics
Topera Inc,topera
Topokine Therapeutics Inc,topokine therapeutics
Topometrix Corp,topometrix
Toronto Medical Corp,toronto medical
Tosco Corp,tosco
Toshiba Medical Systems Corp,toshiba medical systems
Tower Holdings Inc,tower holdings
Transcend Therapeutics Inc,transcend therapeutics
Transfusion Technologies Corp,transfusion technologies
Transgenomic Inc,transgenomic
Transition Therapeutics Inc,transition therapeutics
Trauson Holdings Co Ltd,trauson holdings
Trek Diagnostic Systems Inc,trek diagnostic systems
Tri-Tech,tri-tech
TriVascular Inc,trivascular
Triangle Pharmaceuticals Inc,triangle pharmaceuticals
Trigenesis Therapeutics Inc,trigenesis therapeutics
Trimeris Inc,trimeris
Trius Therapeutics Inc,trius therapeutics
Trojan Technologies Inc,trojan technologies
Trubion Pharmaceuticals Inc,trubion pharmaceuticals
Tularik Inc,tularik
Twinlab Corp,twinlab
UOP LLC,uop
UROCOR Inc,urocor
US Bioscience Inc,us bioscience
US Bioservices Corp,us bioservices
USB Corp,usb
USB Inc,usb
Ultrafine,ultrafine
Ultrasonix Medical Corp,ultrasonix medical
Unilever PLC,unilever
Union Biometrica Inc,union biometrica
Union Carbide Corp,union carbide
Unipath Co,unipath
Unisyn Technologies Inc,unisyn technologies
United BioSource Corp,united biosource
United Biomedical Inc,united biomedical
United Group,united group
UroCor Inc,urocor
Uroquest Medical Corp,uroquest medical
Utah Medical Products Inc,utah medical products
VGX Pharmaceuticals Inc,vgx pharmaceuticals
VI Technologies Inc,vi technologies
VISX Inc,visx
VIVUS Inc,vivus
Valera Pharmaceuticals Inc,valera pharmaceuticals
Value Plastics Inc,value plastics
Varian Inc,varian
Varian Medical Systems Inc,varian medical systems
Vascular Genetics Inc,vascular genetics
Vascular Genomics Inc,vascular genomics
Vascular Science Inc,vascular science
VelQuest Corp,velquest
Velocimed Inc,velocimed
Velocity11,velocity11
Ventana Medical Systems Inc,ventana medical systems
VentiRx Pharmaceuticals Inc,ventirx pharmaceuticals
Ventritex,ventritex
Venture Medical,venture medical
Verigy Ltd,verigy
Verinata Health Inc,verinata health
Vernalis PLC,vernalis
VersaPharm Inc,versapharm
Versar Inc,versar
Vertex Pharmaceuticals Inc,vertex pharmaceuticals
Vesica Medical Inc,vesica medical
Vessix Vascular Inc,vessix vascular
Vesta Medical Inc,vesta medical
Vestar Inc,vestar
VetSpace Ltd,vetspace
ViaCell Inc,viacell
Viagene Inc,viagene
Vidus Ocular Inc,vidus ocular
Vingmed Sound A/S,vingmed sound a/s
Vion Pharmaceuticals Inc,vion pharmaceuticals
Viropath BV,viropath bv
Virotex Corp,virotex
Virtual Radiologic Corp,virtual radiologic
VisEn Medical Inc,visen medical
VisiGen Biotechnologies Inc,visigen biotechnologies
Visible Genetics Inc,visible genetics
Visiogen Inc,visiogen
Vitae Pharmaceuticals Inc,vitae pharmaceuticals
Vital Images Inc,vital images
Vortex Medical Inc,vortex medical
Vutara Inc,vutara
WR Grace & Co,wr grace
Waban Software Inc,waban software
Wakefield Pharmaceuticals Inc,wakefield pharmaceuticals
Warner Chilcott PLC,warner chilcott
Warner Instruments,warner instruments
Warner-Lambert Co,warner-lambert
Wellcome PLC,wellcome
West Pharmaceutical Services,west pharmaceutical services
Wisconsin Specialty Protein,wisconsin specialty protein
Women's Consumer Network,women's consumer network
Womens Capital Corp,womens capital
Woodside Biomedical Inc,woodside biomedical
World Courier Group Inc,world courier group
World Heart Corp,world heart
Wyeth,wyeth
X-BODY Biosciences Inc,x-body biosciences
X-Ceptor Therapeutics Inc,x-ceptor therapeutics
Xcel Pharmaceuticals Inc,xcel pharmaceuticals
Xcenda LLC,xcenda
XenoPharm Inc,xenopharm
Xenobiotic Laboratories Inc,xenobiotic laboratories
Xenogen Corp,xenogen
Xenometrix Inc,xenometrix
Xenotis Pty Ltd,xenotis
Xeragon Inc,xeragon
Xoft Inc,xoft
YM BioSciences Inc,ym biosciences
York Pharma PLC,york pharma
Young Innovations Inc,young innovations
ZS Pharma Inc,zs pharma
Zacharon Pharmaceuticals Inc,zacharon pharmaceuticals
Zapata Corp,zapata
Zealand Pharma A/S,zealand pharma a/s
Zentaris AG,zentaris ag
Zentiva AS,zentiva as
Zentiva NV,zentiva nv
ZonePerfect Nutrition Co,zoneperfect nutrition
ZyStor Therapeutics Inc,zystor therapeutics
Zycos Inc,zycos
ZymoGenetics Inc,zymogenetics
deCODE Genetics ehf,decode genetics ehf
eBioscience Inc,ebioscience
eResearchTechnology Inc,eresearchtechnology
gene/Networks,gene/networks
i-Stat Corp,i-stat
iBio Inc,ibio
iviGene Corp,ivigene
microcuff GmbH,microcuff
nanoTechnology Systems Pty Ltd,nanotechnology systems
picoSpin LLC,picospin
superDimension Ltd,superdimension
